{"cameraMode":{"drawMode":0,"name":"Shaded","section":"Shading Mode"},"sceneLighting":false,"audioPlay":false,"sceneViewState":{"m_AlwaysRefresh":false,"showFog":true,"showSkybox":false,"showFlares":true,"showImageEffects":true,"showParticleSystems":true,"showVisualEffectGraphs":true,"m_FxEnabled":false},"in2DMode":false,"pivot":{"x":0.07202017307281494,"y":13.157877922058106,"z":0.7923339605331421},"rotation":{"x":0.16595081984996797,"y":0.29613274335861208,"z":-0.0523439422249794,"w":0.9391779899597168},"size":8.242157936096192,"orthographic":false}