{"cameraMode":{"drawMode":0,"name":"Shaded","section":"Shading Mode"},"sceneLighting":false,"audioPlay":false,"sceneViewState":{"m_AlwaysRefresh":false,"showFog":true,"showSkybox":false,"showFlares":true,"showImageEffects":true,"showParticleSystems":true,"showVisualEffectGraphs":true,"m_FxEnabled":false},"in2DMode":false,"pivot":{"x":0.07202017307281494,"y":13.157877922058106,"z":0.7923339605331421},"rotation":{"x":0.19135454297065736,"y":0.13443182408809663,"z":-0.02648516558110714,"w":0.9719257354736328},"size":21.527437210083009,"orthographic":false}