{"cameraMode":{"drawMode":0,"name":"Shaded","section":"Shading Mode"},"sceneLighting":false,"audioPlay":false,"sceneViewState":{"m_AlwaysRefresh":false,"showFog":true,"showSkybox":false,"showFlares":true,"showImageEffects":true,"showParticleSystems":true,"showVisualEffectGraphs":true,"m_FxEnabled":false},"in2DMode":false,"pivot":{"x":5.960464477539063e-8,"y":0.22499743103981019,"z":-1.1920928955078126e-7},"rotation":{"x":0.2556169629096985,"y":0.45085471868515017,"z":-0.13650724291801454,"w":0.8442486524581909},"size":0.8464214205741882,"orthographic":false}