{"cameraMode":{"drawMode":0,"name":"Shaded","section":"Shading Mode"},"sceneLighting":true,"audioPlay":false,"sceneViewState":{"m_AlwaysRefresh":false,"showFog":true,"showSkybox":true,"showFlares":true,"showImageEffects":true,"showParticleSystems":true,"showVisualEffectGraphs":true,"m_FxEnabled":false},"in2DMode":false,"pivot":{"x":128.3000030517578,"y":89.92781066894531,"z":142.70144653320313},"rotation":{"x":-0.052239201962947848,"y":0.8717553615570068,"z":-0.09530565142631531,"w":-0.47775140404701235},"size":26.531360626220704,"orthographic":false}