{"cameraMode":{"drawMode":0,"name":"Shaded","section":"Shading Mode"},"sceneLighting":true,"audioPlay":false,"sceneViewState":{"m_AlwaysRefresh":false,"showFog":true,"showSkybox":true,"showFlares":true,"showImageEffects":true,"showParticleSystems":true,"showVisualEffectGraphs":true,"m_FxEnabled":false},"in2DMode":false,"pivot":{"x":216.0227508544922,"y":14.524134635925293,"z":181.92710876464845},"rotation":{"x":-0.011341583915054798,"y":0.9827443957328796,"z":-0.06435973197221756,"w":-0.17308221757411958},"size":513.3836669921875,"orthographic":false}