{"cameraMode":{"drawMode":0,"name":"Shaded","section":"Shading Mode"},"sceneLighting":true,"audioPlay":false,"sceneViewState":{"m_AlwaysRefresh":false,"showFog":true,"showSkybox":true,"showFlares":true,"showImageEffects":true,"showParticleSystems":true,"showVisualEffectGraphs":true,"m_FxEnabled":false},"in2DMode":false,"pivot":{"x":-276.0647277832031,"y":143.63607788085938,"z":-2.6688108444213869},"rotation":{"x":-0.052239201962947848,"y":0.8717553615570068,"z":-0.09530565142631531,"w":-0.47775140404701235},"size":374.1604919433594,"orthographic":false}